EZE00100082,17880101,TMAX,30,,,E,
EZE00100082,17880101,TMIN,20,,,E,
ITE00100554,17880101,TMAX,75,,,E,
ITE00100554,17880101,TMIN,63,,,E,
EZE00100082,17880102,TMAX,36,,,E,
EZE00100082,17880102,TMIN,24,,,E,
ITE00100554,17880102,TMAX,73,,,E,
ITE00100554,17880102,TMIN,54,,,E,
EZE00100082,17880103,TMAX,46,,,E,
EZE00100082,17880103,TMIN,33,,,E,
ITE00100554,17880103,TMAX,66,,,E,
ITE00100554,17880103,TMIN,65,,,E,
EZE00100082,17880104,TMAX,80,,,E,
EZE00100082,17880104,TMIN,42,,,E,
ITE00100554,17880104,TMAX,63,,,E,
ITE00100554,17880104,TMIN,50,,,E,
EZE00100082,17880105,TMAX,88,,,E,
EZE00100082,17880105,TMIN,37,,,E,
ITE00100554,17880105,TMAX,65,,,E,
ITE00100554,17880105,TMIN,56,,,E,
EZE00100082,17880106,TMAX,78,,,E,
EZE00100082,17880106,TMIN,30,,,E,
ITE00100554,17880106,TMAX,63,,,E,
ITE00100554,17880106,TMIN,56,,,E,
EZE00100082,17880107,TMAX,47,,,E,
EZE00100082,17880107,TMIN,36,,,E,
ITE00100554,17880107,TMAX,63,,,E,
ITE00100554,17880107,TMIN,58,,,E,
EZE00100082,17880108,TMAX,63,,,E,
EZE00100082,17880108,TMIN,37,,,E,
ITE00100554,17880108,TMAX,75,,,E,
ITE00100554,17880108,TMIN,58,,,E,
EZE00100082,17880109,TMAX,50,,,E,
EZE00100082,17880109,TMIN,15,,,E,
ITE00100554,17880109,TMAX,100,,,E,
ITE00100554,17880109,TMIN,75,,,E,
EZE00100082,17880110,TMAX,30,,,E,
EZE00100082,17880110,TMIN,2,,,E,
ITE00100554,17880110,TMAX,96,,,E,
ITE00100554,17880110,TMIN,63,,,E,
EZE00100082,17880111,TMAX,18,,,E,
EZE00100082,17880111,TMIN,-3,,,E,
ITE00100554,17880111,TMAX,71,,,E,
ITE00100554,17880111,TMIN,25,,,E,
EZE00100082,17880112,TMAX,45,,,E,
EZE00100082,17880112,TMIN,5,,,E,
ITE00100554,17880112,TMAX,38,,,E,
ITE00100554,17880112,TMIN,16,,,E,
EZE00100082,17880113,TMAX,46,,,E,
EZE00100082,17880113,TMIN,20,,,E,
ITE00100554,17880113,TMAX,29,,,E,
ITE00100554,17880113,TMIN,16,,,E,
EZE00100082,17880114,TMAX,33,,,E,
EZE00100082,17880114,TMIN,0,,,E,
ITE00100554,17880114,TMAX,20,,,E,
ITE00100554,17880114,TMIN,3,,,E,
EZE00100082,17880115,TMAX,0,,,E,
EZE00100082,17880115,TMIN,-45,,,E,
ITE00100554,17880115,TMAX,41,,,E,
ITE00100554,17880115,TMIN,8,,,E,
EZE00100082,17880116,TMAX,42,,,E,
EZE00100082,17880116,TMIN,-56,,,E,
ITE00100554,17880116,TMAX,45,,,E,
ITE00100554,17880116,TMIN,0,,,E,
EZE00100082,17880117,TMAX,69,,,E,
EZE00100082,17880117,TMIN,42,,,E,
ITE00100554,17880117,TMAX,78,,,E,
ITE00100554,17880117,TMIN,0,,,E,
EZE00100082,17880118,TMAX,55,,,E,
EZE00100082,17880118,TMIN,18,,,E,
ITE00100554,17880118,TMAX,79,,,E,
ITE00100554,17880118,TMIN,16,,,E,
EZE00100082,17880119,TMAX,40,,,E,
EZE00100082,17880119,TMIN,10,,,E,
ITE00100554,17880119,TMAX,50,,,E,
ITE00100554,17880119,TMIN,29,,,E,
EZE00100082,17880120,TMAX,10,,,E,
EZE00100082,17880120,TMIN,-30,,,E,
ITE00100554,17880120,TMAX,46,,,E,
ITE00100554,17880120,TMIN,4,,,E,
EZE00100082,17880121,TMAX,-3,,,E,
EZE00100082,17880121,TMIN,-46,,,E,
ITE00100554,17880121,TMAX,20,,,E,
ITE00100554,17880121,TMIN,0,,,E,
EZE00100082,17880122,TMAX,18,,,E,
EZE00100082,17880122,TMIN,-36,,,E,
ITE00100554,17880122,TMAX,13,,,E,
ITE00100554,17880122,TMIN,-25,,,E,
EZE00100082,17880123,TMAX,33,,,E,
EZE00100082,17880123,TMIN,9,,,E,
ITE00100554,17880123,TMAX,38,,,E,
ITE00100554,17880123,TMIN,-25,,,E,
EZE00100082,17880124,TMAX,55,,,E,
EZE00100082,17880124,TMIN,28,,,E,
ITE00100554,17880124,TMAX,90,,,E,
ITE00100554,17880124,TMIN,20,,,E,
EZE00100082,17880125,TMAX,53,,,E,
EZE00100082,17880125,TMIN,45,,,E,
ITE00100554,17880125,TMAX,78,,,E,
ITE00100554,17880125,TMIN,3,,,E,
EZE00100082,17880126,TMAX,50,,,E,
EZE00100082,17880126,TMIN,17,,,E,
ITE00100554,17880126,TMAX,54,,,E,
ITE00100554,17880126,TMIN,4,,,E,
EZE00100082,17880127,TMAX,35,,,E,
EZE00100082,17880127,TMIN,11,,,E,
ITE00100554,17880127,TMAX,63,,,E,
ITE00100554,17880127,TMIN,29,,,E,
EZE00100082,17880128,TMAX,8,,,E,
EZE00100082,17880128,TMIN,-16,,,E,
ITE00100554,17880128,TMAX,63,,,E,
ITE00100554,17880128,TMIN,28,,,E,
EZE00100082,17880129,TMAX,14,,,E,
EZE00100082,17880129,TMIN,-9,,,E,
ITE00100554,17880129,TMAX,45,,,E,
ITE00100554,17880129,TMIN,0,,,E,
EZE00100082,17880130,TMAX,-9,,,E,
EZE00100082,17880130,TMIN,-21,,,E,
ITE00100554,17880130,TMAX,33,,,E,
ITE00100554,17880130,TMIN,8,,,E,
EZE00100082,17880131,TMAX,-18,,,E,
EZE00100082,17880131,TMIN,-40,,,E,
ITE00100554,17880131,TMAX,20,,,E,
ITE00100554,17880131,TMIN,0,,,E,
EZE00100082,17880201,TMAX,-20,,,E,
EZE00100082,17880201,TMIN,-55,,,E,
ITE00100554,17880201,TMAX,20,,,E,
ITE00100554,17880201,TMIN,-15,,,E,
EZE00100082,17880202,TMAX,12,,,E,
EZE00100082,17880202,TMIN,-33,,,E,
ITE00100554,17880202,TMAX,21,,,E,
ITE00100554,17880202,TMIN,4,,,E,
EZE00100082,17880203,TMAX,32,,,E,
EZE00100082,17880203,TMIN,-9,,,E,
ITE00100554,17880203,TMAX,25,,,E,
ITE00100554,17880203,TMIN,3,,,E,
EZE00100082,17880204,TMAX,37,,,E,
EZE00100082,17880204,TMIN,4,,,E,
ITE00100554,17880204,TMAX,34,,,E,
ITE00100554,17880204,TMIN,13,,,E,
EZE00100082,17880205,TMAX,31,,,E,
EZE00100082,17880205,TMIN,0,,,E,
ITE00100554,17880205,TMAX,50,,,E,
ITE00100554,17880205,TMIN,25,,,E,
EZE00100082,17880206,TMAX,75,,,E,
EZE00100082,17880206,TMIN,15,,,E,
ITE00100554,17880206,TMAX,79,,,E,
ITE00100554,17880206,TMIN,41,,,E,
EZE00100082,17880207,TMAX,71,,,E,
EZE00100082,17880207,TMIN,18,,,E,
ITE00100554,17880207,TMAX,59,,,E,
ITE00100554,17880207,TMIN,50,,,E,
EZE00100082,17880208,TMAX,23,,,E,
EZE00100082,17880208,TMIN,-15,,,E,
ITE00100554,17880208,TMAX,59,,,E,
ITE00100554,17880208,TMIN,46,,,E,
EZE00100082,17880209,TMAX,16,,,E,
EZE00100082,17880209,TMIN,-42,,,E,
ITE00100554,17880209,TMAX,63,,,E,
ITE00100554,17880209,TMIN,50,,,E,
EZE00100082,17880210,TMAX,26,,,E,
EZE00100082,17880210,TMIN,-17,,,E,
ITE00100554,17880210,TMAX,58,,,E,
ITE00100554,17880210,TMIN,41,,,E,
EZE00100082,17880211,TMAX,36,,,E,
EZE00100082,17880211,TMIN,-33,,,E,
ITE00100554,17880211,TMAX,59,,,E,
ITE00100554,17880211,TMIN,25,,,E,
EZE00100082,17880212,TMAX,6,,,E,
EZE00100082,17880212,TMIN,-54,,,E,
ITE00100554,17880212,TMAX,46,,,E,
ITE00100554,17880212,TMIN,13,,,E,
EZE00100082,17880213,TMAX,2,,,E,
EZE00100082,17880213,TMIN,-37,,,E,
ITE00100554,17880213,TMAX,46,,,E,
ITE00100554,17880213,TMIN,3,,,E,
EZE00100082,17880214,TMAX,12,,,E,
EZE00100082,17880214,TMIN,-47,,,E,
ITE00100554,17880214,TMAX,63,,,E,
ITE00100554,17880214,TMIN,13,,,E,
EZE00100082,17880215,TMAX,-38,,,E,
EZE00100082,17880215,TMIN,-62,,,E,
ITE00100554,17880215,TMAX,90,,,E,
ITE00100554,17880215,TMIN,13,,,E,
EZE00100082,17880216,TMAX,-23,,,E,
EZE00100082,17880216,TMIN,-71,,,E,
ITE00100554,17880216,TMAX,100,,,E,
ITE00100554,17880216,TMIN,13,,,E,
EZE00100082,17880217,TMAX,-21,,,E,
EZE00100082,17880217,TMIN,-53,,,E,
ITE00100554,17880217,TMAX,100,,,E,
ITE00100554,17880217,TMIN,45,,,E,
EZE00100082,17880218,TMAX,-53,,,E,
EZE00100082,17880218,TMIN,-75,,,E,
ITE00100554,17880218,TMAX,113,,,E,
ITE00100554,17880218,TMIN,25,,,E,
EZE00100082,17880219,TMAX,-40,,,E,
EZE00100082,17880219,TMIN,-86,,,E,
ITE00100554,17880219,TMAX,58,,,E,
ITE00100554,17880219,TMIN,29,,,E,
EZE00100082,17880220,TMAX,0,,,E,
EZE00100082,17880220,TMIN,-79,,,E,
ITE00100554,17880220,TMAX,44,,,E,
ITE00100554,17880220,TMIN,35,,,E,
EZE00100082,17880221,TMAX,47,,,E,
EZE00100082,17880221,TMIN,-21,,,E,
ITE00100554,17880221,TMAX,41,,,E,
ITE00100554,17880221,TMIN,40,,,E,
EZE00100082,17880222,TMAX,77,,,E,
EZE00100082,17880222,TMIN,23,,,E,
ITE00100554,17880222,TMAX,59,,,E,
ITE00100554,17880222,TMIN,25,,,E,
EZE00100082,17880223,TMAX,90,,,E,
EZE00100082,17880223,TMIN,15,,,E,
ITE00100554,17880223,TMAX,75,,,E,
ITE00100554,17880223,TMIN,25,,,E,
EZE00100082,17880224,TMAX,105,,,E,
EZE00100082,17880224,TMIN,61,,,E,
ITE00100554,17880224,TMAX,50,,,E,
ITE00100554,17880224,TMIN,50,,,E,
EZE00100082,17880225,TMAX,67,,,E,
EZE00100082,17880225,TMIN,45,,,E,
ITE00100554,17880225,TMAX,113,,,E,
ITE00100554,17880225,TMIN,53,,,E,
EZE00100082,17880226,TMAX,46,,,E,
EZE00100082,17880226,TMIN,28,,,E,
ITE00100554,17880226,TMAX,113,,,E,
ITE00100554,17880226,TMIN,41,,,E,
EZE00100082,17880227,TMAX,83,,,E,
EZE00100082,17880227,TMIN,22,,,E,
ITE00100554,17880227,TMAX,83,,,E,
ITE00100554,17880227,TMIN,71,,,E,
EZE00100082,17880228,TMAX,114,,,E,
EZE00100082,17880229,TMAX,97,,,E,
EZE00100082,17880228,TMIN,60,,,E,
EZE00100082,17880229,TMIN,49,,,E,
ITE00100554,17880228,TMAX,108,,,E,
ITE00100554,17880229,TMAX,113,,,E,
ITE00100554,17880228,TMIN,75,,,E,
ITE00100554,17880229,TMIN,75,,,E,
EZE00100082,17880301,TMAX,82,,,E,
EZE00100082,17880301,TMIN,38,,,E,
ITE00100554,17880301,TMAX,100,,,E,
ITE00100554,17880301,TMIN,96,,,E,
EZE00100082,17880302,TMAX,92,,,E,
EZE00100082,17880302,TMIN,53,,,E,
ITE00100554,17880302,TMAX,100,,,E,
ITE00100554,17880302,TMIN,79,,,E,
EZE00100082,17880303,TMAX,53,,,E,
EZE00100082,17880303,TMIN,-14,,,E,
ITE00100554,17880303,TMAX,113,,,E,
ITE00100554,17880303,TMIN,38,,,E,
EZE00100082,17880304,TMAX,30,,,E,
EZE00100082,17880304,TMIN,-33,,,E,
ITE00100554,17880304,TMAX,113,,,E,
ITE00100554,17880304,TMIN,50,,,E,
EZE00100082,17880305,TMAX,15,,,E,
EZE00100082,17880305,TMIN,-15,,,E,
ITE00100554,17880305,TMAX,100,,,E,
ITE00100554,17880305,TMIN,46,,,E,
EZE00100082,17880306,TMAX,53,,,E,
EZE00100082,17880306,TMIN,-23,,,E,
ITE00100554,17880306,TMAX,75,,,E,
ITE00100554,17880306,TMIN,50,,,E,
EZE00100082,17880307,TMAX,46,,,E,
EZE00100082,17880307,TMIN,-14,,,E,
ITE00100554,17880307,TMAX,113,,,E,
ITE00100554,17880307,TMIN,33,,,E,
EZE00100082,17880308,TMAX,45,,,E,
EZE00100082,17880308,TMIN,3,,,E,
ITE00100554,17880308,TMAX,113,,,E,
ITE00100554,17880308,TMIN,63,,,E,
EZE00100082,17880309,TMAX,94,,,E,
EZE00100082,17880309,TMIN,14,,,E,
ITE00100554,17880309,TMAX,128,,,E,
ITE00100554,17880309,TMIN,79,,,E,
EZE00100082,17880310,TMAX,28,,,E,
EZE00100082,17880310,TMIN,3,,,E,
ITE00100554,17880310,TMAX,128,,,E,
ITE00100554,17880310,TMIN,58,,,E,
EZE00100082,17880311,TMAX,12,,,E,
EZE00100082,17880311,TMIN,-12,,,E,
ITE00100554,17880311,TMAX,128,,,E,
ITE00100554,17880311,TMIN,90,,,E,
EZE00100082,17880312,TMAX,25,,,E,
EZE00100082,17880312,TMIN,-8,,,E,
ITE00100554,17880312,TMAX,140,,,E,
ITE00100554,17880312,TMIN,81,,,E,
EZE00100082,17880313,TMAX,30,,,E,
EZE00100082,17880313,TMIN,-4,,,E,
ITE00100554,17880313,TMAX,145,,,E,
ITE00100554,17880313,TMIN,65,,,E,
EZE00100082,17880314,TMAX,36,,,E,
EZE00100082,17880314,TMIN,-16,,,E,
ITE00100554,17880314,TMAX,134,,,E,
ITE00100554,17880314,TMIN,88,,,E,
EZE00100082,17880315,TMAX,16,,,E,
EZE00100082,17880315,TMIN,-6,,,E,
ITE00100554,17880315,TMAX,125,,,E,
ITE00100554,17880315,TMIN,103,,,E,
EZE00100082,17880316,TMAX,11,,,E,
EZE00100082,17880316,TMIN,-23,,,E,
ITE00100554,17880316,TMAX,146,,,E,
ITE00100554,17880316,TMIN,96,,,E,
EZE00100082,17880317,TMAX,17,,,E,
EZE00100082,17880317,TMIN,-16,,,E,
ITE00100554,17880317,TMAX,144,,,E,
ITE00100554,17880317,TMIN,103,,,E,
EZE00100082,17880318,TMAX,48,,,E,
EZE00100082,17880318,TMIN,-3,,,E,
ITE00100554,17880318,TMAX,128,,,E,
ITE00100554,17880318,TMIN,103,,,E,
EZE00100082,17880319,TMAX,65,,,E,
EZE00100082,17880319,TMIN,28,,,E,
ITE00100554,17880319,TMAX,153,,,E,
ITE00100554,17880319,TMIN,78,,,E,
EZE00100082,17880320,TMAX,28,,,E,
EZE00100082,17880320,TMIN,6,,,E,
ITE00100554,17880320,TMAX,159,,,E,
ITE00100554,17880320,TMIN,90,,,E,
EZE00100082,17880321,TMAX,60,,,E,
EZE00100082,17880321,TMIN,14,,,E,
ITE00100554,17880321,TMAX,165,,,E,
ITE00100554,17880321,TMIN,90,,,E,
EZE00100082,17880322,TMAX,102,,,E,
EZE00100082,17880322,TMIN,12,,,E,
ITE00100554,17880322,TMAX,128,,,E,
ITE00100554,17880322,TMIN,106,,,E,
EZE00100082,17880323,TMAX,90,,,E,
EZE00100082,17880323,TMIN,33,,,E,
ITE00100554,17880323,TMAX,138,,,E,
ITE00100554,17880323,TMIN,123,,,E,
EZE00100082,17880324,TMAX,104,,,E,
EZE00100082,17880324,TMIN,39,,,E,
ITE00100554,17880324,TMAX,150,,,E,
ITE00100554,17880324,TMIN,113,,,E,
EZE00100082,17880325,TMAX,107,,,E,
EZE00100082,17880325,TMIN,23,,,E,
ITE00100554,17880325,TMAX,134,,,E,
ITE00100554,17880325,TMIN,103,,,E,
EZE00100082,17880326,TMAX,127,,,E,
EZE00100082,17880326,TMIN,27,,,E,
ITE00100554,17880326,TMAX,134,,,E,
ITE00100554,17880326,TMIN,116,,,E,
EZE00100082,17880327,TMAX,114,,,E,
EZE00100082,17880327,TMIN,41,,,E,
ITE00100554,17880327,TMAX,131,,,E,
ITE00100554,17880327,TMIN,108,,,E,
EZE00100082,17880328,TMAX,125,,,E,
EZE00100082,17880328,TMIN,68,,,E,
ITE00100554,17880328,TMAX,138,,,E,
ITE00100554,17880328,TMIN,104,,,E,
EZE00100082,17880329,TMAX,137,,,E,
EZE00100082,17880329,TMIN,75,,,E,
ITE00100554,17880329,TMAX,156,,,E,
ITE00100554,17880329,TMIN,103,,,E,
EZE00100082,17880330,TMAX,155,,,E,
EZE00100082,17880330,TMIN,52,,,E,
ITE00100554,17880330,TMAX,163,,,E,
ITE00100554,17880330,TMIN,113,,,E,
EZE00100082,17880331,TMAX,160,,,E,
EZE00100082,17880331,TMIN,68,,,E,
ITE00100554,17880331,TMAX,163,,,E,
ITE00100554,17880331,TMIN,94,,,E,
EZE00100082,17880401,TMAX,142,,,E,
EZE00100082,17880401,TMIN,94,,,E,
ITE00100554,17880401,TMAX,179,,,E,
ITE00100554,17880401,TMIN,96,,,E,
EZE00100082,17880402,TMAX,107,,,E,
EZE00100082,17880402,TMIN,76,,,E,
ITE00100554,17880402,TMAX,163,,,E,
ITE00100554,17880402,TMIN,109,,,E,
EZE00100082,17880403,TMAX,134,,,E,
EZE00100082,17880403,TMIN,72,,,E,
ITE00100554,17880403,TMAX,188,,,E,
ITE00100554,17880403,TMIN,88,,,E,
EZE00100082,17880404,TMAX,120,,,E,
EZE00100082,17880404,TMIN,50,,,E,
ITE00100554,17880404,TMAX,150,,,E,
ITE00100554,17880404,TMIN,103,,,E,
EZE00100082,17880405,TMAX,93,,,E,
EZE00100082,17880405,TMIN,28,,,E,
ITE00100554,17880405,TMAX,100,,,E,
ITE00100554,17880405,TMIN,75,,,E,
EZE00100082,17880406,TMAX,76,,,E,
EZE00100082,17880406,TMIN,33,,,E,
ITE00100554,17880406,TMAX,116,,,E,
ITE00100554,17880406,TMIN,50,,,E,
EZE00100082,17880407,TMAX,88,,,E,
EZE00100082,17880407,TMIN,40,,,E,
ITE00100554,17880407,TMAX,129,,,E,
ITE00100554,17880407,TMIN,38,,,E,
EZE00100082,17880408,TMAX,84,,,E,
EZE00100082,17880408,TMIN,44,,,E,
ITE00100554,17880408,TMAX,154,,,E,
ITE00100554,17880408,TMIN,65,,,E,
EZE00100082,17880409,TMAX,133,,,E,
EZE00100082,17880409,TMIN,75,,,E,
ITE00100554,17880409,TMAX,158,,,E,
ITE00100554,17880409,TMIN,90,,,E,
EZE00100082,17880410,TMAX,133,,,E,
EZE00100082,17880410,TMIN,69,,,E,
ITE00100554,17880410,TMAX,166,,,E,
ITE00100554,17880410,TMIN,90,,,E,
EZE00100082,17880411,TMAX,174,,,E,
EZE00100082,17880411,TMIN,60,,,E,
ITE00100554,17880411,TMAX,178,,,E,
ITE00100554,17880411,TMIN,100,,,E,
EZE00100082,17880412,TMAX,173,,,E,
EZE00100082,17880412,TMIN,80,,,E,
ITE00100554,17880412,TMAX,188,,,E,
ITE00100554,17880412,TMIN,110,,,E,
EZE00100082,17880413,TMAX,133,,,E,
EZE00100082,17880413,TMIN,76,,,E,
ITE00100554,17880413,TMAX,200,,,E,
ITE00100554,17880413,TMIN,113,,,E,
EZE00100082,17880414,TMAX,141,,,E,
EZE00100082,17880414,TMIN,49,,,E,
ITE00100554,17880414,TMAX,200,,,E,
ITE00100554,17880414,TMIN,116,,,E,
EZE00100082,17880415,TMAX,140,,,E,
EZE00100082,17880415,TMIN,62,,,E,
ITE00100554,17880415,TMAX,190,,,E,
ITE00100554,17880415,TMIN,115,,,E,
EZE00100082,17880416,TMAX,62,,,E,
EZE00100082,17880416,TMIN,32,,,E,
ITE00100554,17880416,TMAX,200,,,E,
ITE00100554,17880416,TMIN,100,,,E,
EZE00100082,17880417,TMAX,88,,,E,
EZE00100082,17880417,TMIN,26,,,E,
ITE00100554,17880417,TMAX,181,,,E,
ITE00100554,17880417,TMIN,119,,,E,
EZE00100082,17880418,TMAX,135,,,E,
EZE00100082,17880418,TMIN,61,,,E,
ITE00100554,17880418,TMAX,156,,,E,
ITE00100554,17880418,TMIN,116,,,E,
EZE00100082,17880419,TMAX,167,,,E,
EZE00100082,17880419,TMIN,77,,,E,
ITE00100554,17880419,TMAX,188,,,E,
ITE00100554,17880419,TMIN,113,,,E,
EZE00100082,17880420,TMAX,164,,,E,
EZE00100082,17880420,TMIN,109,,,E,
ITE00100554,17880420,TMAX,213,,,E,
ITE00100554,17880420,TMIN,119,,,E,
EZE00100082,17880421,TMAX,180,,,E,
EZE00100082,17880421,TMIN,92,,,E,
ITE00100554,17880421,TMAX,221,,,E,
ITE00100554,17880421,TMIN,133,,,E,
EZE00100082,17880422,TMAX,194,,,E,
EZE00100082,17880422,TMIN,111,,,E,
ITE00100554,17880422,TMAX,228,,,E,
ITE00100554,17880422,TMIN,146,,I,E,
EZE00100082,17880423,TMAX,145,,,E,
EZE00100082,17880423,TMIN,93,,,E,
ITE00100554,17880423,TMAX,113,,I,E,
ITE00100554,17880423,TMIN,100,,,E,
EZE00100082,17880424,TMAX,165,,,E,
EZE00100082,17880424,TMIN,74,,,E,
ITE00100554,17880424,TMAX,175,,,E,
ITE00100554,17880424,TMIN,86,,,E,
EZE00100082,17880425,TMAX,156,,,E,
EZE00100082,17880425,TMIN,80,,,E,
ITE00100554,17880425,TMAX,200,,,E,
ITE00100554,17880425,TMIN,104,,,E,
EZE00100082,17880426,TMAX,136,,,E,
EZE00100082,17880426,TMIN,77,,,E,
ITE00100554,17880426,TMAX,213,,,E,
ITE00100554,17880426,TMIN,124,,,E,
EZE00100082,17880427,TMAX,125,,,E,
EZE00100082,17880427,TMIN,74,,,E,
ITE00100554,17880427,TMAX,204,,,E,
ITE00100554,17880427,TMIN,119,,,E,
EZE00100082,17880428,TMAX,143,,,E,
EZE00100082,17880428,TMIN,86,,,E,
ITE00100554,17880428,TMAX,215,,,E,
ITE00100554,17880428,TMIN,141,,,E,
EZE00100082,17880429,TMAX,185,,,E,
EZE00100082,17880429,TMIN,89,,,E,
ITE00100554,17880429,TMAX,203,,,E,
ITE00100554,17880429,TMIN,150,,,E,
EZE00100082,17880430,TMAX,230,,,E,
EZE00100082,17880430,TMIN,86,,,E,
ITE00100554,17880430,TMAX,203,,,E,
ITE00100554,17880430,TMIN,150,,,E,
EZE00100082,17880501,TMAX,188,,,E,
EZE00100082,17880501,TMIN,91,,,E,
ITE00100554,17880501,TMAX,213,,,E,
ITE00100554,17880501,TMIN,154,,,E,
EZE00100082,17880502,TMAX,197,,,E,
EZE00100082,17880502,TMIN,97,,,E,
ITE00100554,17880502,TMAX,206,,,E,
ITE00100554,17880502,TMIN,156,,,E,
EZE00100082,17880503,TMAX,217,,,E,
EZE00100082,17880503,TMIN,99,,,E,
ITE00100554,17880503,TMAX,213,,,E,
ITE00100554,17880503,TMIN,131,,,E,
EZE00100082,17880504,TMAX,138,,,E,
EZE00100082,17880504,TMIN,74,,,E,
ITE00100554,17880504,TMAX,228,,,E,
ITE00100554,17880504,TMIN,150,,,E,
EZE00100082,17880505,TMAX,120,,,E,
EZE00100082,17880505,TMIN,36,,,E,
ITE00100554,17880505,TMAX,213,,,E,
ITE00100554,17880505,TMIN,140,,,E,
EZE00100082,17880506,TMAX,168,,,E,
EZE00100082,17880506,TMIN,52,,,E,
ITE00100554,17880506,TMAX,213,,,E,
ITE00100554,17880506,TMIN,146,,,E,
EZE00100082,17880507,TMAX,207,,,E,
EZE00100082,17880507,TMIN,62,,,E,
ITE00100554,17880507,TMAX,219,,,E,
ITE00100554,17880507,TMIN,156,,,E,
EZE00100082,17880508,TMAX,192,,,E,
EZE00100082,17880508,TMIN,136,,,E,
ITE00100554,17880508,TMAX,231,,,E,
ITE00100554,17880508,TMIN,169,,,E,
EZE00100082,17880509,TMAX,202,,,E,
EZE00100082,17880509,TMIN,128,,,E,
ITE00100554,17880509,TMAX,231,,,E,
ITE00100554,17880509,TMIN,175,,,E,
EZE00100082,17880510,TMAX,182,,,E,
EZE00100082,17880510,TMIN,119,,,E,
ITE00100554,17880510,TMAX,231,,,E,
ITE00100554,17880510,TMIN,169,,,E,
EZE00100082,17880511,TMAX,125,,,E,
EZE00100082,17880511,TMIN,85,,,E,
ITE00100554,17880511,TMAX,250,,,E,
ITE00100554,17880511,TMIN,169,,,E,
EZE00100082,17880512,TMAX,92,,,E,
EZE00100082,17880512,TMIN,74,,,E,
ITE00100554,17880512,TMAX,254,,,E,
ITE00100554,17880512,TMIN,165,,,E,
EZE00100082,17880513,TMAX,110,,,E,
EZE00100082,17880513,TMIN,63,,,E,
ITE00100554,17880513,TMAX,203,,,E,
ITE00100554,17880513,TMIN,178,,I,E,
EZE00100082,17880514,TMAX,115,,,E,
EZE00100082,17880514,TMIN,55,,,E,
ITE00100554,17880514,TMAX,153,,I,E,
ITE00100554,17880514,TMIN,125,,,E,
EZE00100082,17880515,TMAX,135,,,E,
EZE00100082,17880515,TMIN,80,,,E,
ITE00100554,17880515,TMAX,150,,,E,
ITE00100554,17880515,TMIN,103,,,E,
EZE00100082,17880516,TMAX,187,,,E,
EZE00100082,17880516,TMIN,79,,,E,
ITE00100554,17880516,TMAX,153,,,E,
ITE00100554,17880516,TMIN,128,,,E,
EZE00100082,17880517,TMAX,205,,,E,
EZE00100082,17880517,TMIN,100,,,E,
ITE00100554,17880517,TMAX,188,,,E,
ITE00100554,17880517,TMIN,128,,,E,
EZE00100082,17880518,TMAX,224,,,E,
EZE00100082,17880518,TMIN,120,,,E,
ITE00100554,17880518,TMAX,238,,,E,
ITE00100554,17880518,TMIN,153,,,E,
EZE00100082,17880519,TMAX,213,,,E,
EZE00100082,17880519,TMIN,130,,,E,
ITE00100554,17880519,TMAX,175,,,E,
ITE00100554,17880519,TMIN,140,,,E,
EZE00100082,17880520,TMAX,175,,,E,
EZE00100082,17880520,TMIN,111,,,E,
ITE00100554,17880520,TMAX,204,,,E,
ITE00100554,17880520,TMIN,138,,,E,
EZE00100082,17880521,TMAX,191,,,E,
EZE00100082,17880521,TMIN,84,,,E,
ITE00100554,17880521,TMAX,215,,,E,
ITE00100554,17880521,TMIN,153,,,E,
EZE00100082,17880522,TMAX,184,,,E,
EZE00100082,17880522,TMIN,107,,,E,
ITE00100554,17880522,TMAX,215,,,E,
ITE00100554,17880522,TMIN,153,,,E,
EZE00100082,17880523,TMAX,236,,,E,
EZE00100082,17880523,TMIN,114,,,E,
ITE00100554,17880523,TMAX,230,,,E,
ITE00100554,17880523,TMIN,155,,,E,
EZE00100082,17880524,TMAX,253,,,E,
EZE00100082,17880524,TMIN,160,,,E,
ITE00100554,17880524,TMAX,237,,,E,
ITE00100554,17880524,TMIN,155,,,E,
EZE00100082,17880525,TMAX,276,,,E,
EZE00100082,17880525,TMIN,154,,,E,
ITE00100554,17880525,TMAX,239,,,E,
ITE00100554,17880525,TMIN,177,,,E,
EZE00100082,17880526,TMAX,286,,,E,
EZE00100082,17880526,TMIN,153,,,E,
ITE00100554,17880526,TMAX,250,,,E,
ITE00100554,17880526,TMIN,198,,,E,
EZE00100082,17880527,TMAX,281,,,E,
EZE00100082,17880527,TMIN,168,,,E,
ITE00100554,17880527,TMAX,250,,,E,
ITE00100554,17880527,TMIN,200,,,E,
EZE00100082,17880528,TMAX,296,,,E,
EZE00100082,17880528,TMIN,170,,,E,
ITE00100554,17880528,TMAX,263,,,E,
ITE00100554,17880528,TMIN,219,,,E,
EZE00100082,17880529,TMAX,284,,,E,
EZE00100082,17880529,TMIN,177,,,E,
ITE00100554,17880529,TMAX,263,,,E,
ITE00100554,17880529,TMIN,215,,,E,
EZE00100082,17880530,TMAX,252,,,E,
EZE00100082,17880530,TMIN,178,,,E,
ITE00100554,17880530,TMAX,244,,,E,
ITE00100554,17880530,TMIN,215,,,E,
EZE00100082,17880531,TMAX,243,,,E,
EZE00100082,17880531,TMIN,170,,,E,
ITE00100554,17880531,TMAX,225,,,E,
ITE00100554,17880531,TMIN,215,,,E,
EZE00100082,17880601,TMAX,181,,,E,
EZE00100082,17880601,TMIN,129,,,E,
ITE00100554,17880601,TMAX,263,,,E,
ITE00100554,17880601,TMIN,200,,,E,
EZE00100082,17880602,TMAX,203,,,E,
EZE00100082,17880602,TMIN,119,,,E,
ITE00100554,17880602,TMAX,263,,,E,
ITE00100554,17880602,TMIN,209,,,E,
EZE00100082,17880603,TMAX,200,,,E,
EZE00100082,17880603,TMIN,122,,,E,
ITE00100554,17880603,TMAX,256,,,E,
ITE00100554,17880603,TMIN,200,,,E,
EZE00100082,17880604,TMAX,241,,,E,
EZE00100082,17880604,TMIN,107,,,E,
ITE00100554,17880604,TMAX,299,,,E,
ITE00100554,17880604,TMIN,211,,,E,
EZE00100082,17880605,TMAX,150,,,E,
EZE00100082,17880605,TMIN,105,,,E,
ITE00100554,17880605,TMAX,271,,,E,
ITE00100554,17880605,TMIN,221,,,E,
EZE00100082,17880606,TMAX,171,,,E,
EZE00100082,17880606,TMIN,103,,,E,
ITE00100554,17880606,TMAX,275,,,E,
ITE00100554,17880606,TMIN,213,,,E,
EZE00100082,17880607,TMAX,207,,,E,
EZE00100082,17880607,TMIN,137,,,E,
ITE00100554,17880607,TMAX,278,,,E,
ITE00100554,17880607,TMIN,221,,,E,
EZE00100082,17880608,TMAX,240,,,E,
EZE00100082,17880608,TMIN,125,,,E,
ITE00100554,17880608,TMAX,238,,,E,
ITE00100554,17880608,TMIN,215,,,E,
EZE00100082,17880609,TMAX,258,,,E,
EZE00100082,17880609,TMIN,161,,,E,
ITE00100554,17880609,TMAX,228,,,E,
ITE00100554,17880609,TMIN,194,,,E,
EZE00100082,17880610,TMAX,243,,,E,
EZE00100082,17880610,TMIN,154,,,E,
ITE00100554,17880610,TMAX,234,,,E,
ITE00100554,17880610,TMIN,190,,,E,
EZE00100082,17880611,TMAX,181,,,E,
EZE00100082,17880611,TMIN,143,,,E,
ITE00100554,17880611,TMAX,231,,,E,
ITE00100554,17880611,TMIN,206,,,E,
EZE00100082,17880612,TMAX,187,,,E,
EZE00100082,17880612,TMIN,147,,,E,
ITE00100554,17880612,TMAX,228,,,E,
ITE00100554,17880612,TMIN,221,,,E,
EZE00100082,17880613,TMAX,188,,,E,
EZE00100082,17880613,TMIN,134,,,E,
ITE00100554,17880613,TMAX,234,,,E,
ITE00100554,17880613,TMIN,203,,,E,
EZE00100082,17880614,TMAX,231,,,E,
EZE00100082,17880614,TMIN,138,,,E,
ITE00100554,17880614,TMAX,265,,,E,
ITE00100554,17880614,TMIN,215,,,E,
EZE00100082,17880615,TMAX,257,,,E,
EZE00100082,17880615,TMIN,158,,,E,
ITE00100554,17880615,TMAX,269,,,E,
ITE00100554,17880615,TMIN,209,,,E,
EZE00100082,17880616,TMAX,269,,,E,
EZE00100082,17880616,TMIN,162,,,E,
ITE00100554,17880616,TMAX,253,,,E,
ITE00100554,17880616,TMIN,206,,,E,
EZE00100082,17880617,TMAX,285,,,E,
EZE00100082,17880617,TMIN,172,,,E,
ITE00100554,17880617,TMAX,256,,,E,
ITE00100554,17880617,TMIN,219,,,E,
EZE00100082,17880618,TMAX,295,,,E,
EZE00100082,17880618,TMIN,205,,,E,
ITE00100554,17880618,TMAX,284,,,E,
ITE00100554,17880618,TMIN,225,,,E,
EZE00100082,17880619,TMAX,285,,,E,
EZE00100082,17880619,TMIN,173,,,E,
ITE00100554,17880619,TMAX,271,,,E,
ITE00100554,17880619,TMIN,215,,,E,
EZE00100082,17880620,TMAX,316,,,E,
EZE00100082,17880620,TMIN,198,,,E,
ITE00100554,17880620,TMAX,275,,,E,
ITE00100554,17880620,TMIN,216,,,E,
EZE00100082,17880621,TMAX,302,,,E,
EZE00100082,17880621,TMIN,210,,,E,
ITE00100554,17880621,TMAX,281,,,E,
ITE00100554,17880621,TMIN,231,,,E,
EZE00100082,17880622,TMAX,240,,,E,
EZE00100082,17880622,TMIN,185,,,E,
ITE00100554,17880622,TMAX,269,,,E,
ITE00100554,17880622,TMIN,219,,,E,
EZE00100082,17880623,TMAX,227,,,E,
EZE00100082,17880623,TMIN,163,,,E,
ITE00100554,17880623,TMAX,259,,,E,
ITE00100554,17880623,TMIN,209,,,E,
EZE00100082,17880624,TMAX,217,,,E,
EZE00100082,17880624,TMIN,153,,,E,
ITE00100554,17880624,TMAX,256,,,E,
ITE00100554,17880624,TMIN,219,,,E,
EZE00100082,17880625,TMAX,229,,,E,
EZE00100082,17880625,TMIN,159,,,E,
ITE00100554,17880625,TMAX,250,,,E,
ITE00100554,17880625,TMIN,200,,,E,
EZE00100082,17880626,TMAX,246,,,E,
EZE00100082,17880626,TMIN,155,,,E,
ITE00100554,17880626,TMAX,253,,,E,
ITE00100554,17880626,TMIN,213,,,E,
EZE00100082,17880627,TMAX,226,,,E,
EZE00100082,17880627,TMIN,154,,,E,
ITE00100554,17880627,TMAX,259,,,E,
ITE00100554,17880627,TMIN,200,,,E,
EZE00100082,17880628,TMAX,298,,,E,
EZE00100082,17880628,TMIN,163,,,E,
ITE00100554,17880628,TMAX,250,,,E,
ITE00100554,17880628,TMIN,215,,,E,
EZE00100082,17880629,TMAX,294,,,E,
EZE00100082,17880629,TMIN,175,,,E,
ITE00100554,17880629,TMAX,246,,,E,
ITE00100554,17880629,TMIN,206,,,E,
EZE00100082,17880630,TMAX,235,,,E,
EZE00100082,17880630,TMIN,174,,,E,
ITE00100554,17880630,TMAX,275,,,E,
ITE00100554,17880630,TMIN,221,,,E,
EZE00100082,17880701,TMAX,240,,,E,
EZE00100082,17880701,TMIN,169,,,E,
ITE00100554,17880701,TMAX,288,,,E,
ITE00100554,17880701,TMIN,219,,,E,
EZE00100082,17880702,TMAX,247,,,E,
EZE00100082,17880702,TMIN,176,,,E,
ITE00100554,17880702,TMAX,294,,,E,
ITE00100554,17880702,TMIN,240,,,E,
EZE00100082,17880703,TMAX,272,,,E,
EZE00100082,17880703,TMIN,175,,,E,
ITE00100554,17880703,TMAX,299,,,E,
ITE00100554,17880703,TMIN,239,,,E,
EZE00100082,17880704,TMAX,290,,,E,
EZE00100082,17880704,TMIN,195,,,E,
ITE00100554,17880704,TMAX,303,,,E,
ITE00100554,17880704,TMIN,238,,,E,
EZE00100082,17880705,TMAX,295,,,E,
EZE00100082,17880705,TMIN,213,,,E,
ITE00100554,17880705,TMAX,300,,,E,
ITE00100554,17880705,TMIN,238,,,E,
EZE00100082,17880706,TMAX,236,,,E,
EZE00100082,17880706,TMIN,180,,,E,
ITE00100554,17880706,TMAX,294,,,E,
ITE00100554,17880706,TMIN,234,,,E,
EZE00100082,17880707,TMAX,227,,,E,
EZE00100082,17880707,TMIN,183,,,E,
ITE00100554,17880707,TMAX,290,,,E,
ITE00100554,17880707,TMIN,240,,,E,
EZE00100082,17880708,TMAX,254,,,E,
EZE00100082,17880708,TMIN,182,,,E,
ITE00100554,17880708,TMAX,300,,,E,
ITE00100554,17880708,TMIN,240,,,E,
EZE00100082,17880709,TMAX,253,,,E,
EZE00100082,17880709,TMIN,188,,,E,
ITE00100554,17880709,TMAX,303,,,E,
ITE00100554,17880709,TMIN,250,,,E,
EZE00100082,17880710,TMAX,293,,,E,
EZE00100082,17880710,TMIN,190,,,E,
ITE00100554,17880710,TMAX,306,,,E,
ITE00100554,17880710,TMIN,250,,,E,
EZE00100082,17880711,TMAX,293,,,E,
EZE00100082,17880711,TMIN,202,,,E,
ITE00100554,17880711,TMAX,328,,,E,
ITE00100554,17880711,TMIN,275,,,E,
EZE00100082,17880712,TMAX,288,,,E,
EZE00100082,17880712,TMIN,207,,,E,
ITE00100554,17880712,TMAX,325,,,E,
ITE00100554,17880712,TMIN,269,,,E,
EZE00100082,17880713,TMAX,304,,,E,
EZE00100082,17880713,TMIN,210,,,E,
ITE00100554,17880713,TMAX,319,,,E,
ITE00100554,17880713,TMIN,275,,,E,
EZE00100082,17880714,TMAX,263,,,E,
EZE00100082,17880714,TMIN,213,,,E,
ITE00100554,17880714,TMAX,316,,,E,
ITE00100554,17880714,TMIN,263,,,E,
EZE00100082,17880715,TMAX,286,,,E,
EZE00100082,17880715,TMIN,193,,,E,
ITE00100554,17880715,TMAX,319,,,E,
ITE00100554,17880715,TMIN,263,,,E,
EZE00100082,17880716,TMAX,315,,,E,
EZE00100082,17880716,TMIN,208,,,E,
ITE00100554,17880716,TMAX,329,,,E,
ITE00100554,17880716,TMIN,271,,,E,
EZE00100082,17880717,TMAX,322,,,E,
EZE00100082,17880717,TMIN,224,,,E,
ITE00100554,17880717,TMAX,329,,,E,
ITE00100554,17880717,TMIN,263,,,E,
EZE00100082,17880718,TMAX,260,,,E,
EZE00100082,17880718,TMIN,184,,,E,
ITE00100554,17880718,TMAX,334,,,E,
ITE00100554,17880718,TMIN,263,,,E,
EZE00100082,17880719,TMAX,260,,,E,
EZE00100082,17880719,TMIN,170,,,E,
ITE00100554,17880719,TMAX,325,,,E,
ITE00100554,17880719,TMIN,261,,,E,
EZE00100082,17880720,TMAX,299,,,E,
EZE00100082,17880720,TMIN,205,,,E,
ITE00100554,17880720,TMAX,331,,,E,
ITE00100554,17880720,TMIN,259,,,E,
EZE00100082,17880721,TMAX,264,,,E,
EZE00100082,17880721,TMIN,196,,,E,
ITE00100554,17880721,TMAX,288,,,E,
ITE00100554,17880721,TMIN,250,,,E,
EZE00100082,17880722,TMAX,280,,,E,
EZE00100082,17880722,TMIN,192,,,E,
ITE00100554,17880722,TMAX,250,,,E,
ITE00100554,17880722,TMIN,231,,,E,
EZE00100082,17880723,TMAX,300,,,E,
EZE00100082,17880723,TMIN,198,,,E,
ITE00100554,17880723,TMAX,281,,,E,
ITE00100554,17880723,TMIN,213,,,E,
EZE00100082,17880724,TMAX,334,,,E,
EZE00100082,17880724,TMIN,200,,,E,
ITE00100554,17880724,TMAX,263,,,E,
ITE00100554,17880724,TMIN,213,,,E,
EZE00100082,17880725,TMAX,211,,,E,
EZE00100082,17880725,TMIN,168,,,E,
ITE00100554,17880725,TMAX,313,,,E,
ITE00100554,17880725,TMIN,206,,,E,
EZE00100082,17880726,TMAX,212,,,E,
EZE00100082,17880726,TMIN,168,,,E,
ITE00100554,17880726,TMAX,281,,,E,
ITE00100554,17880726,TMIN,203,,,E,
EZE00100082,17880727,TMAX,213,,,E,
EZE00100082,17880727,TMIN,158,,,E,
ITE00100554,17880727,TMAX,266,,,E,
ITE00100554,17880727,TMIN,213,,,E,
EZE00100082,17880728,TMAX,233,,,E,
EZE00100082,17880728,TMIN,164,,,E,
ITE00100554,17880728,TMAX,269,,,E,
ITE00100554,17880728,TMIN,203,,I,E,
EZE00100082,17880729,TMAX,237,,,E,
EZE00100082,17880729,TMIN,176,,,E,
ITE00100554,17880729,TMAX,175,,I,E,
ITE00100554,17880729,TMIN,175,,,E,
EZE00100082,17880730,TMAX,244,,,E,
EZE00100082,17880730,TMIN,161,,,E,
ITE00100554,17880730,TMAX,225,,,E,
ITE00100554,17880730,TMIN,169,,,E,
EZE00100082,17880731,TMAX,250,,,E,
EZE00100082,17880731,TMIN,160,,,E,
ITE00100554,17880731,TMAX,250,,,E,
ITE00100554,17880731,TMIN,178,,,E,
EZE00100082,17880801,TMAX,222,,,E,
EZE00100082,17880801,TMIN,159,,,E,
ITE00100554,17880801,TMAX,263,,,E,
ITE00100554,17880801,TMIN,194,,,E,
EZE00100082,17880802,TMAX,180,,,E,
EZE00100082,17880802,TMIN,149,,,E,
ITE00100554,17880802,TMAX,288,,,E,
ITE00100554,17880802,TMIN,194,,,E,
EZE00100082,17880803,TMAX,192,,,E,
EZE00100082,17880803,TMIN,146,,,E,
ITE00100554,17880803,TMAX,270,,,E,
ITE00100554,17880803,TMIN,215,,,E,
EZE00100082,17880804,TMAX,192,,,E,
EZE00100082,17880804,TMIN,145,,,E,
ITE00100554,17880804,TMAX,271,,,E,
ITE00100554,17880804,TMIN,203,,,E,
EZE00100082,17880805,TMAX,175,,,E,
EZE00100082,17880805,TMIN,140,,,E,
ITE00100554,17880805,TMAX,296,,,E,
ITE00100554,17880805,TMIN,213,,,E,
EZE00100082,17880806,TMAX,177,,,E,
EZE00100082,17880806,TMIN,131,,,E,
ITE00100554,17880806,TMAX,259,,,E,
ITE00100554,17880806,TMIN,206,,,E,
EZE00100082,17880807,TMAX,186,,,E,
EZE00100082,17880807,TMIN,147,,,E,
ITE00100554,17880807,TMAX,240,,,E,
ITE00100554,17880807,TMIN,178,,,E,
EZE00100082,17880808,TMAX,195,,,E,
EZE00100082,17880808,TMIN,164,,,E,
ITE00100554,17880808,TMAX,256,,,E,
ITE00100554,17880808,TMIN,175,,,E,
EZE00100082,17880809,TMAX,187,,,E,
EZE00100082,17880809,TMIN,159,,,E,
ITE00100554,17880809,TMAX,288,,,E,
ITE00100554,17880809,TMIN,181,,,E,
EZE00100082,17880810,TMAX,215,,,E,
EZE00100082,17880810,TMIN,167,,,E,
ITE00100554,17880810,TMAX,275,,,E,
ITE00100554,17880810,TMIN,204,,,E,
EZE00100082,17880811,TMAX,224,,,E,
EZE00100082,17880811,TMIN,176,,,E,
ITE00100554,17880811,TMAX,281,,,E,
ITE00100554,17880811,TMIN,216,,,E,
EZE00100082,17880812,TMAX,232,,,E,
EZE00100082,17880812,TMIN,174,,,E,
ITE00100554,17880812,TMAX,256,,,E,
ITE00100554,17880812,TMIN,228,,,E,
EZE00100082,17880813,TMAX,236,,,E,
EZE00100082,17880813,TMIN,173,,,E,
ITE00100554,17880813,TMAX,263,,,E,
ITE00100554,17880813,TMIN,194,,,E,
EZE00100082,17880814,TMAX,225,,,E,
EZE00100082,17880814,TMIN,193,,,E,
ITE00100554,17880814,TMAX,263,,,E,
ITE00100554,17880814,TMIN,228,,,E,
EZE00100082,17880815,TMAX,210,,,E,
EZE00100082,17880815,TMIN,168,,,E,
ITE00100554,17880815,TMAX,275,,,E,
ITE00100554,17880815,TMIN,184,,,E,
EZE00100082,17880816,TMAX,210,,,E,
EZE00100082,17880816,TMIN,159,,,E,
ITE00100554,17880816,TMAX,269,,,E,
ITE00100554,17880816,TMIN,196,,,E,
EZE00100082,17880817,TMAX,228,,,E,
EZE00100082,17880817,TMIN,161,,,E,
ITE00100554,17880817,TMAX,266,,,E,
ITE00100554,17880817,TMIN,196,,,E,
EZE00100082,17880818,TMAX,226,,,E,
EZE00100082,17880818,TMIN,182,,,E,
ITE00100554,17880818,TMAX,288,,,E,
ITE00100554,17880818,TMIN,200,,,E,
EZE00100082,17880819,TMAX,230,,,E,
EZE00100082,17880819,TMIN,164,,,E,
ITE00100554,17880819,TMAX,269,,,E,
ITE00100554,17880819,TMIN,225,,,E,
EZE00100082,17880820,TMAX,226,,,E,
EZE00100082,17880820,TMIN,166,,,E,
ITE00100554,17880820,TMAX,270,,,E,
ITE00100554,17880820,TMIN,204,,,E,
EZE00100082,17880821,TMAX,214,,,E,
EZE00100082,17880821,TMIN,164,,,E,
ITE00100554,17880821,TMAX,269,,,E,
ITE00100554,17880821,TMIN,206,,,E,
EZE00100082,17880822,TMAX,232,,,E,
EZE00100082,17880822,TMIN,155,,,E,
ITE00100554,17880822,TMAX,265,,,E,
ITE00100554,17880822,TMIN,196,,,E,
EZE00100082,17880823,TMAX,242,,,E,
EZE00100082,17880823,TMIN,168,,,E,
ITE00100554,17880823,TMAX,256,,,E,
ITE00100554,17880823,TMIN,200,,,E,
EZE00100082,17880824,TMAX,238,,,E,
EZE00100082,17880824,TMIN,178,,,E,
ITE00100554,17880824,TMAX,256,,,E,
ITE00100554,17880824,TMIN,190,,,E,
EZE00100082,17880825,TMAX,220,,,E,
EZE00100082,17880825,TMIN,176,,,E,
ITE00100554,17880825,TMAX,259,,,E,
ITE00100554,17880825,TMIN,194,,,E,
EZE00100082,17880826,TMAX,217,,,E,
EZE00100082,17880826,TMIN,162,,,E,
ITE00100554,17880826,TMAX,266,,,E,
ITE00100554,17880826,TMIN,206,,,E,
EZE00100082,17880827,TMAX,215,,,E,
EZE00100082,17880827,TMIN,173,,,E,
ITE00100554,17880827,TMAX,206,,,E,
ITE00100554,17880827,TMIN,190,,,E,
EZE00100082,17880828,TMAX,184,,,E,
EZE00100082,17880828,TMIN,146,,,E,
ITE00100554,17880828,TMAX,238,,,E,
ITE00100554,17880828,TMIN,166,,,E,
EZE00100082,17880829,TMAX,210,,,E,
EZE00100082,17880829,TMIN,151,,,E,
ITE00100554,17880829,TMAX,238,,,E,
ITE00100554,17880829,TMIN,156,,,E,
EZE00100082,17880830,TMAX,192,,,E,
EZE00100082,17880830,TMIN,145,,,E,
ITE00100554,17880830,TMAX,238,,,E,
ITE00100554,17880830,TMIN,169,,,E,
EZE00100082,17880831,TMAX,205,,,E,
EZE00100082,17880831,TMIN,143,,,E,
ITE00100554,17880831,TMAX,244,,,E,
ITE00100554,17880831,TMIN,181,,,E,
EZE00100082,17880901,TMAX,212,,,E,
EZE00100082,17880901,TMIN,160,,,E,
ITE00100554,17880901,TMAX,250,,,E,
ITE00100554,17880901,TMIN,181,,,E,
EZE00100082,17880902,TMAX,189,,,E,
EZE00100082,17880902,TMIN,157,,,E,
ITE00100554,17880902,TMAX,250,,,E,
ITE00100554,17880902,TMIN,181,,,E,
EZE00100082,17880903,TMAX,210,,,E,
EZE00100082,17880903,TMIN,157,,,E,
ITE00100554,17880903,TMAX,256,,,E,
ITE00100554,17880903,TMIN,194,,,E,
EZE00100082,17880904,TMAX,216,,,E,
EZE00100082,17880904,TMIN,128,,,E,
ITE00100554,17880904,TMAX,263,,,E,
ITE00100554,17880904,TMIN,191,,,E,
EZE00100082,17880905,TMAX,228,,,E,
EZE00100082,17880905,TMIN,130,,,E,
ITE00100554,17880905,TMAX,269,,,E,
ITE00100554,17880905,TMIN,194,,,E,
EZE00100082,17880906,TMAX,252,,,E,
EZE00100082,17880906,TMIN,160,,,E,
ITE00100554,17880906,TMAX,275,,,E,
ITE00100554,17880906,TMIN,269,,,E,
EZE00100082,17880907,TMAX,235,,,E,
EZE00100082,17880907,TMIN,162,,,E,
ITE00100554,17880907,TMAX,275,,,E,
ITE00100554,17880907,TMIN,198,,,E,
EZE00100082,17880908,TMAX,238,,,E,
EZE00100082,17880908,TMIN,149,,,E,
ITE00100554,17880908,TMAX,269,,,E,
ITE00100554,17880908,TMIN,213,,,E,
EZE00100082,17880909,TMAX,235,,,E,
EZE00100082,17880909,TMIN,151,,,E,
ITE00100554,17880909,TMAX,219,,,E,
ITE00100554,17880909,TMIN,213,,,E,
EZE00100082,17880910,TMAX,262,,,E,
EZE00100082,17880910,TMIN,157,,,E,
ITE00100554,17880910,TMAX,225,,,E,
ITE00100554,17880910,TMIN,178,,,E,
EZE00100082,17880911,TMAX,263,,,E,
EZE00100082,17880911,TMIN,127,,,E,
ITE00100554,17880911,TMAX,244,,,E,
ITE00100554,17880911,TMIN,190,,,E,
EZE00100082,17880912,TMAX,223,,,E,
EZE00100082,17880912,TMIN,100,,,E,
ITE00100554,17880912,TMAX,256,,,E,
ITE00100554,17880912,TMIN,188,,,E,
EZE00100082,17880913,TMAX,262,,,E,
EZE00100082,17880913,TMIN,122,,,E,
ITE00100554,17880913,TMAX,194,,,E,
ITE00100554,17880913,TMIN,181,,,E,
EZE00100082,17880914,TMAX,250,,,E,
EZE00100082,17880914,TMIN,120,,,E,
ITE00100554,17880914,TMAX,231,,,E,
ITE00100554,17880914,TMIN,165,,,E,
EZE00100082,17880915,TMAX,167,,,E,
EZE00100082,17880915,TMIN,118,,,E,
ITE00100554,17880915,TMAX,228,,,E,
ITE00100554,17880915,TMIN,178,,,E,
EZE00100082,17880916,TMAX,191,,,E,
EZE00100082,17880916,TMIN,107,,,E,
ITE00100554,17880916,TMAX,219,,,E,
ITE00100554,17880916,TMIN,181,,,E,
EZE00100082,17880917,TMAX,192,,,E,
EZE00100082,17880917,TMIN,80,,,E,
ITE00100554,17880917,TMAX,213,,,E,
ITE00100554,17880917,TMIN,181,,,E,
EZE00100082,17880918,TMAX,188,,,E,
EZE00100082,17880918,TMIN,80,,,E,
ITE00100554,17880918,TMAX,181,,,E,
ITE00100554,17880918,TMIN,175,,,E,
EZE00100082,17880919,TMAX,161,,,E,
EZE00100082,17880919,TMIN,119,,,E,
ITE00100554,17880919,TMAX,219,,,E,
ITE00100554,17880919,TMIN,163,,,E,
EZE00100082,17880920,TMAX,153,,,E,
EZE00100082,17880920,TMIN,102,,,E,
ITE00100554,17880920,TMAX,206,,,E,
ITE00100554,17880920,TMIN,175,,,E,
EZE00100082,17880921,TMAX,173,,,E,
EZE00100082,17880921,TMIN,112,,,E,
ITE00100554,17880921,TMAX,219,,,E,
ITE00100554,17880921,TMIN,181,,,E,
EZE00100082,17880922,TMAX,201,,,E,
EZE00100082,17880922,TMIN,93,,,E,
ITE00100554,17880922,TMAX,225,,,E,
ITE00100554,17880922,TMIN,175,,,E,
EZE00100082,17880923,TMAX,200,,,E,
EZE00100082,17880923,TMIN,103,,,E,
ITE00100554,17880923,TMAX,225,,,E,
ITE00100554,17880923,TMIN,163,,,E,
EZE00100082,17880924,TMAX,207,,,E,
EZE00100082,17880924,TMIN,125,,,E,
ITE00100554,17880924,TMAX,213,,,E,
ITE00100554,17880924,TMIN,163,,,E,
EZE00100082,17880925,TMAX,191,,,E,
EZE00100082,17880925,TMIN,120,,,E,
ITE00100554,17880925,TMAX,213,,,E,
ITE00100554,17880925,TMIN,175,,,E,
EZE00100082,17880926,TMAX,163,,,E,
EZE00100082,17880926,TMIN,99,,,E,
ITE00100554,17880926,TMAX,200,,,E,
ITE00100554,17880926,TMIN,150,,,E,
EZE00100082,17880927,TMAX,200,,,E,
EZE00100082,17880927,TMIN,85,,,E,
ITE00100554,17880927,TMAX,213,,,E,
ITE00100554,17880927,TMIN,125,,,E,
EZE00100082,17880928,TMAX,190,,,E,
EZE00100082,17880928,TMIN,80,,,E,
ITE00100554,17880928,TMAX,213,,,E,
ITE00100554,17880928,TMIN,153,,,E,
EZE00100082,17880929,TMAX,185,,,E,
EZE00100082,17880929,TMIN,99,,,E,
ITE00100554,17880929,TMAX,200,,,E,
ITE00100554,17880929,TMIN,175,,,E,
EZE00100082,17880930,TMAX,173,,,E,
EZE00100082,17880930,TMIN,122,,,E,
ITE00100554,17880930,TMAX,203,,,E,
ITE00100554,17880930,TMIN,163,,,E,
EZE00100082,17881001,TMAX,148,,,E,
EZE00100082,17881001,TMIN,121,,,E,
ITE00100554,17881001,TMAX,200,,,E,
ITE00100554,17881001,TMIN,128,,,E,
EZE00100082,17881002,TMAX,181,,,E,
EZE00100082,17881002,TMIN,125,,,E,
ITE00100554,17881002,TMAX,200,,,E,
ITE00100554,17881002,TMIN,138,,,E,
EZE00100082,17881003,TMAX,214,,,E,
EZE00100082,17881003,TMIN,163,,,E,
ITE00100554,17881003,TMAX,206,,,E,
ITE00100554,17881003,TMIN,144,,,E,
EZE00100082,17881004,TMAX,190,,,E,
EZE00100082,17881004,TMIN,140,,,E,
ITE00100554,17881004,TMAX,215,,,E,
ITE00100554,17881004,TMIN,153,,,E,
EZE00100082,17881005,TMAX,190,,,E,
EZE00100082,17881005,TMIN,123,,,E,
ITE00100554,17881005,TMAX,225,,,E,
ITE00100554,17881005,TMIN,156,,,E,
EZE00100082,17881006,TMAX,192,,,E,
EZE00100082,17881006,TMIN,118,,,E,
ITE00100554,17881006,TMAX,225,,,E,
ITE00100554,17881006,TMIN,159,,,E,
EZE00100082,17881007,TMAX,152,,,E,
EZE00100082,17881007,TMIN,115,,,E,
ITE00100554,17881007,TMAX,223,,,E,
ITE00100554,17881007,TMIN,178,,,E,
EZE00100082,17881008,TMAX,115,,,E,
EZE00100082,17881008,TMIN,85,,,E,
ITE00100554,17881008,TMAX,209,,,E,
ITE00100554,17881008,TMIN,188,,,E,
EZE00100082,17881009,TMAX,135,,,E,
EZE00100082,17881009,TMIN,72,,,E,
ITE00100554,17881009,TMAX,206,,,E,
ITE00100554,17881009,TMIN,175,,I,E,
EZE00100082,17881010,TMAX,137,,,E,
EZE00100082,17881010,TMIN,62,,,E,
ITE00100554,17881010,TMAX,156,,I,E,
ITE00100554,17881010,TMIN,131,,,E,
EZE00100082,17881011,TMAX,134,,,E,
EZE00100082,17881011,TMIN,60,,,E,
ITE00100554,17881011,TMAX,156,,,E,
ITE00100554,17881011,TMIN,94,,,E,
EZE00100082,17881012,TMAX,130,,,E,
EZE00100082,17881012,TMIN,62,,,E,
ITE00100554,17881012,TMAX,156,,,E,
ITE00100554,17881012,TMIN,94,,,E,
EZE00100082,17881013,TMAX,99,,,E,
EZE00100082,17881013,TMIN,55,,,E,
ITE00100554,17881013,TMAX,175,,,E,
ITE00100554,17881013,TMIN,98,,,E,
EZE00100082,17881014,TMAX,110,,,E,
EZE00100082,17881014,TMIN,62,,,E,
ITE00100554,17881014,TMAX,181,,,E,
ITE00100554,17881014,TMIN,104,,,E,
EZE00100082,17881015,TMAX,102,,,E,
EZE00100082,17881015,TMIN,23,,,E,
ITE00100554,17881015,TMAX,138,,,E,
ITE00100554,17881015,TMIN,138,,,E,
EZE00100082,17881016,TMAX,111,,,E,
EZE00100082,17881016,TMIN,35,,,E,
ITE00100554,17881016,TMAX,150,,,E,
ITE00100554,17881016,TMIN,138,,,E,
EZE00100082,17881017,TMAX,139,,,E,
EZE00100082,17881017,TMIN,95,,,E,
ITE00100554,17881017,TMAX,163,,,E,
ITE00100554,17881017,TMIN,106,,,E,
EZE00100082,17881018,TMAX,95,,,E,
EZE00100082,17881018,TMIN,66,,,E,
ITE00100554,17881018,TMAX,171,,,E,
ITE00100554,17881018,TMIN,100,,,E,
EZE00100082,17881019,TMAX,92,,,E,
EZE00100082,17881019,TMIN,33,,,E,
ITE00100554,17881019,TMAX,134,,,E,
ITE00100554,17881019,TMIN,106,,,E,
EZE00100082,17881020,TMAX,93,,,E,
EZE00100082,17881020,TMIN,44,,,E,
ITE00100554,17881020,TMAX,125,,,E,
ITE00100554,17881020,TMIN,63,,,E,
EZE00100082,17881021,TMAX,121,,,E,
EZE00100082,17881021,TMIN,60,,,E,
ITE00100554,17881021,TMAX,144,,,E,
ITE00100554,17881021,TMIN,69,,,E,
EZE00100082,17881022,TMAX,122,,,E,
EZE00100082,17881022,TMIN,91,,,E,
ITE00100554,17881022,TMAX,163,,,E,
ITE00100554,17881022,TMIN,88,,,E,
EZE00100082,17881023,TMAX,109,,,E,
EZE00100082,17881023,TMIN,80,,,E,
ITE00100554,17881023,TMAX,150,,,E,
ITE00100554,17881023,TMIN,88,,,E,
EZE00100082,17881024,TMAX,107,,,E,
EZE00100082,17881024,TMIN,84,,,E,
ITE00100554,17881024,TMAX,150,,,E,
ITE00100554,17881024,TMIN,94,,,E,
EZE00100082,17881025,TMAX,85,,,E,
EZE00100082,17881025,TMIN,66,,,E,
ITE00100554,17881025,TMAX,138,,,E,
ITE00100554,17881025,TMIN,71,,,E,
EZE00100082,17881026,TMAX,88,,,E,
EZE00100082,17881026,TMIN,52,,,E,
ITE00100554,17881026,TMAX,134,,,E,
ITE00100554,17881026,TMIN,70,,,E,
EZE00100082,17881027,TMAX,95,,,E,
EZE00100082,17881027,TMIN,81,,,E,
ITE00100554,17881027,TMAX,131,,,E,
ITE00100554,17881027,TMIN,59,,,E,
EZE00100082,17881028,TMAX,110,,,E,
EZE00100082,17881028,TMIN,74,,,E,
ITE00100554,17881028,TMAX,133,,,E,
ITE00100554,17881028,TMIN,100,,,E,
EZE00100082,17881029,TMAX,103,,,E,
EZE00100082,17881029,TMIN,69,,,E,
ITE00100554,17881029,TMAX,96,,,E,
ITE00100554,17881029,TMIN,70,,,E,
EZE00100082,17881030,TMAX,87,,,E,
EZE00100082,17881030,TMIN,61,,,E,
ITE00100554,17881030,TMAX,100,,,E,
ITE00100554,17881030,TMIN,88,,,E,
EZE00100082,17881031,TMAX,82,,,E,
EZE00100082,17881031,TMIN,29,,,E,
ITE00100554,17881031,TMAX,125,,,E,
ITE00100554,17881031,TMIN,91,,,E,
EZE00100082,17881101,TMAX,97,,,E,
EZE00100082,17881101,TMIN,70,,,E,
ITE00100554,17881101,TMAX,89,,,E,
ITE00100554,17881101,TMIN,44,,,E,
EZE00100082,17881102,TMAX,100,,,E,
EZE00100082,17881102,TMIN,55,,,E,
ITE00100554,17881102,TMAX,113,,,E,
ITE00100554,17881102,TMIN,81,,,E,
EZE00100082,17881103,TMAX,104,,,E,
EZE00100082,17881103,TMIN,28,,,E,
ITE00100554,17881103,TMAX,106,,,E,
ITE00100554,17881103,TMIN,34,,,E,
EZE00100082,17881104,TMAX,119,,,E,
EZE00100082,17881104,TMIN,53,,,E,
ITE00100554,17881104,TMAX,106,,,E,
ITE00100554,17881104,TMIN,34,,,E,
EZE00100082,17881105,TMAX,105,,,E,
EZE00100082,17881105,TMIN,70,,,E,
ITE00100554,17881105,TMAX,106,,,E,
ITE00100554,17881105,TMIN,81,,,E,
EZE00100082,17881106,TMAX,77,,,E,
EZE00100082,17881106,TMIN,45,,,E,
ITE00100554,17881106,TMAX,113,,,E,
ITE00100554,17881106,TMIN,100,,,E,
EZE00100082,17881107,TMAX,49,,,E,
EZE00100082,17881107,TMIN,10,,,E,
ITE00100554,17881107,TMAX,108,,,E,
ITE00100554,17881107,TMIN,81,,,E,
EZE00100082,17881108,TMAX,101,,,E,
EZE00100082,17881108,TMIN,16,,,E,
ITE00100554,17881108,TMAX,100,,,E,
ITE00100554,17881108,TMIN,56,,,E,
EZE00100082,17881109,TMAX,66,,,E,
EZE00100082,17881109,TMIN,3,,,E,
ITE00100554,17881109,TMAX,106,,,E,
ITE00100554,17881109,TMIN,75,,,E,
EZE00100082,17881110,TMAX,82,,,E,
EZE00100082,17881110,TMIN,24,,,E,
ITE00100554,17881110,TMAX,100,,,E,
ITE00100554,17881110,TMIN,90,,,E,
EZE00100082,17881111,TMAX,81,,,E,
EZE00100082,17881111,TMIN,27,,,E,
ITE00100554,17881111,TMAX,131,,,E,
ITE00100554,17881111,TMIN,96,,,E,
EZE00100082,17881112,TMAX,119,,,E,
EZE00100082,17881112,TMIN,41,,,E,
ITE00100554,17881112,TMAX,140,,,E,
ITE00100554,17881112,TMIN,100,,,E,
EZE00100082,17881113,TMAX,125,,,E,
EZE00100082,17881113,TMIN,69,,,E,
ITE00100554,17881113,TMAX,141,,,E,
ITE00100554,17881113,TMIN,91,,,E,
EZE00100082,17881114,TMAX,112,,,E,
EZE00100082,17881114,TMIN,46,,,E,
ITE00100554,17881114,TMAX,119,,,E,
ITE00100554,17881114,TMIN,115,,I,E,
EZE00100082,17881115,TMAX,69,,,E,
EZE00100082,17881115,TMIN,29,,,E,
ITE00100554,17881115,TMAX,103,,I,E,
ITE00100554,17881115,TMIN,79,,,E,
EZE00100082,17881116,TMAX,45,,,E,
EZE00100082,17881116,TMIN,5,,,E,
ITE00100554,17881116,TMAX,79,,,E,
ITE00100554,17881116,TMIN,60,,,E,
EZE00100082,17881117,TMAX,40,,,E,
EZE00100082,17881117,TMIN,-6,,,E,
ITE00100554,17881117,TMAX,79,,,E,
ITE00100554,17881117,TMIN,65,,,E,
EZE00100082,17881118,TMAX,45,,,E,
EZE00100082,17881118,TMIN,26,,,E,
ITE00100554,17881118,TMAX,78,,,E,
ITE00100554,17881118,TMIN,59,,,E,
EZE00100082,17881119,TMAX,37,,,E,
EZE00100082,17881119,TMIN,22,,,E,
ITE00100554,17881119,TMAX,90,,,E,
ITE00100554,17881119,TMIN,53,,,E,
EZE00100082,17881120,TMAX,33,,,E,
EZE00100082,17881120,TMIN,12,,,E,
ITE00100554,17881120,TMAX,56,,,E,
ITE00100554,17881120,TMIN,25,,,E,
EZE00100082,17881121,TMAX,38,,,E,
EZE00100082,17881121,TMIN,-5,,,E,
ITE00100554,17881121,TMAX,78,,,E,
ITE00100554,17881121,TMIN,46,,,E,
EZE00100082,17881122,TMAX,61,,,E,
EZE00100082,17881122,TMIN,28,,,E,
ITE00100554,17881122,TMAX,50,,,E,
ITE00100554,17881122,TMIN,13,,,E,
EZE00100082,17881123,TMAX,28,,,E,
EZE00100082,17881123,TMIN,9,,,E,
ITE00100554,17881123,TMAX,59,,,E,
ITE00100554,17881123,TMIN,25,,,E,
EZE00100082,17881124,TMAX,9,,,E,
EZE00100082,17881124,TMIN,-36,,,E,
ITE00100554,17881124,TMAX,63,,,E,
ITE00100554,17881124,TMIN,46,,,E,
EZE00100082,17881125,TMAX,-28,,,E,
EZE00100082,17881125,TMIN,-62,,,E,
ITE00100554,17881125,TMAX,50,,,E,
ITE00100554,17881125,TMIN,19,,I,E,
EZE00100082,17881126,TMAX,-41,,,E,
EZE00100082,17881126,TMIN,-72,,,E,
ITE00100554,17881126,TMAX,-13,,I,E,
ITE00100554,17881126,TMIN,-25,,,E,
EZE00100082,17881127,TMAX,0,,,E,
EZE00100082,17881127,TMIN,-41,,,E,
ITE00100554,17881127,TMAX,-15,,,E,
ITE00100554,17881127,TMIN,-28,,,E,
EZE00100082,17881128,TMAX,11,,,E,
EZE00100082,17881128,TMIN,-8,,,E,
ITE00100554,17881128,TMAX,-9,,,E,
ITE00100554,17881128,TMIN,-21,,,E,
EZE00100082,17881129,TMAX,11,,,E,
EZE00100082,17881129,TMIN,-17,,,E,
ITE00100554,17881129,TMAX,-8,,,E,
ITE00100554,17881129,TMIN,-81,,,E,
EZE00100082,17881130,TMAX,-17,,,E,
EZE00100082,17881130,TMIN,-63,,,E,
ITE00100554,17881130,TMAX,0,,N,E,
ITE00100554,17881130,TMIN,0,,N,E,
EZE00100082,17881201,TMAX,-26,,,E,
EZE00100082,17881201,TMIN,-100,,,E,
ITE00100554,17881201,TMAX,38,,,E,
ITE00100554,17881201,TMIN,25,,,E,
EZE00100082,17881202,TMAX,-35,,,E,
EZE00100082,17881202,TMIN,-62,,,E,
ITE00100554,17881202,TMAX,38,,,E,
ITE00100554,17881202,TMIN,8,,,E,
EZE00100082,17881203,TMAX,-38,,,E,
EZE00100082,17881203,TMIN,-51,,,E,
ITE00100554,17881203,TMAX,38,,,E,
ITE00100554,17881203,TMIN,13,,,E,
EZE00100082,17881204,TMAX,-37,,,E,
EZE00100082,17881204,TMIN,-49,,,E,
ITE00100554,17881204,TMAX,38,,,E,
ITE00100554,17881204,TMIN,19,,,E,
EZE00100082,17881205,TMAX,-20,,,E,
EZE00100082,17881205,TMIN,-50,,,E,
ITE00100554,17881205,TMAX,38,,,E,
ITE00100554,17881205,TMIN,25,,,E,
EZE00100082,17881206,TMAX,-23,,,E,
EZE00100082,17881206,TMIN,-41,,,E,
ITE00100554,17881206,TMAX,63,,,E,
ITE00100554,17881206,TMIN,33,,,E,
EZE00100082,17881207,TMAX,-41,,,E,
EZE00100082,17881207,TMIN,-67,,,E,
ITE00100554,17881207,TMAX,75,,,E,
ITE00100554,17881207,TMIN,70,,,E,
EZE00100082,17881208,TMAX,-62,,,E,
EZE00100082,17881208,TMIN,-96,,,E,
ITE00100554,17881208,TMAX,75,,,E,
ITE00100554,17881208,TMIN,70,,,E,
EZE00100082,17881209,TMAX,-96,,,E,
EZE00100082,17881209,TMIN,-141,,,E,
ITE00100554,17881209,TMAX,75,,,E,
ITE00100554,17881209,TMIN,63,,,E,
EZE00100082,17881210,TMAX,-50,,,E,
EZE00100082,17881210,TMIN,-148,,,E,
ITE00100554,17881210,TMAX,56,,,E,
ITE00100554,17881210,TMIN,50,,,E,
EZE00100082,17881211,TMAX,-18,,,E,
EZE00100082,17881211,TMIN,-50,,,E,
ITE00100554,17881211,TMAX,53,,,E,
ITE00100554,17881211,TMIN,46,,,E,
EZE00100082,17881212,TMAX,-35,,,E,
EZE00100082,17881212,TMIN,-66,,,E,
ITE00100554,17881212,TMAX,50,,,E,
ITE00100554,17881212,TMIN,8,,,E,
EZE00100082,17881213,TMAX,-66,,,E,
EZE00100082,17881213,TMIN,-123,,,E,
ITE00100554,17881213,TMAX,38,,,E,
ITE00100554,17881213,TMIN,9,,,E,
EZE00100082,17881214,TMAX,-123,,,E,
EZE00100082,17881214,TMIN,-161,,,E,
ITE00100554,17881214,TMAX,8,,,E,
ITE00100554,17881214,TMIN,6,,,E,
EZE00100082,17881215,TMAX,-101,,,E,
EZE00100082,17881215,TMIN,-136,,,E,
ITE00100554,17881215,TMAX,13,,,E,
ITE00100554,17881215,TMIN,0,,,E,
EZE00100082,17881216,TMAX,-127,,,E,
EZE00100082,17881216,TMIN,-190,,,E,
ITE00100554,17881216,TMAX,13,,,E,
ITE00100554,17881216,TMIN,4,,,E,
EZE00100082,17881217,TMAX,-177,,,E,
EZE00100082,17881217,TMIN,-238,,,E,
ITE00100554,17881217,TMAX,16,,,E,
ITE00100554,17881217,TMIN,8,,,E,
EZE00100082,17881218,TMAX,-163,,,E,
EZE00100082,17881218,TMIN,-204,,,E,
ITE00100554,17881218,TMAX,9,,,E,
ITE00100554,17881218,TMIN,0,,,E,
EZE00100082,17881219,TMAX,-146,,,E,
EZE00100082,17881219,TMIN,-228,,,E,
ITE00100554,17881219,TMAX,-6,,,E,
ITE00100554,17881219,TMIN,-13,,,E,
EZE00100082,17881220,TMAX,-89,,,E,
EZE00100082,17881220,TMIN,-153,,,E,
ITE00100554,17881220,TMAX,0,,,E,
ITE00100554,17881220,TMIN,-25,,,E,
EZE00100082,17881221,TMAX,-34,,,E,
EZE00100082,17881221,TMIN,-89,,,E,
ITE00100554,17881221,TMAX,0,,,E,
ITE00100554,17881221,TMIN,-34,,,E,
EZE00100082,17881222,TMAX,-29,,,E,
EZE00100082,17881222,TMIN,-67,,,E,
ITE00100554,17881222,TMAX,-8,,,E,
ITE00100554,17881222,TMIN,-44,,,E,
EZE00100082,17881223,TMAX,-67,,,E,
EZE00100082,17881223,TMIN,-113,,,E,
ITE00100554,17881223,TMAX,0,,,E,
ITE00100554,17881223,TMIN,-20,,,E,
EZE00100082,17881224,TMAX,-33,,,E,
EZE00100082,17881224,TMIN,-122,,,E,
ITE00100554,17881224,TMAX,-25,,I,E,
ITE00100554,17881224,TMIN,-50,,,E,
EZE00100082,17881225,TMAX,24,,,E,
EZE00100082,17881225,TMIN,-34,,,E,
ITE00100554,17881225,TMAX,56,,,E,
ITE00100554,17881225,TMIN,-8,,I,E,
EZE00100082,17881226,TMAX,-34,,,E,
EZE00100082,17881226,TMIN,-142,,,E,
ITE00100554,17881226,TMAX,16,,,E,
ITE00100554,17881226,TMIN,8,,I,E,
EZE00100082,17881227,TMAX,-142,,,E,
EZE00100082,17881227,TMIN,-191,,,E,
ITE00100554,17881227,TMAX,-13,,I,E,
ITE00100554,17881227,TMIN,-25,,I,E,
EZE00100082,17881228,TMAX,-157,,,E,
EZE00100082,17881228,TMIN,-213,,,E,
ITE00100554,17881228,TMAX,-45,,I,E,
ITE00100554,17881228,TMIN,-58,,,E,
EZE00100082,17881229,TMAX,-135,,,E,
EZE00100082,17881229,TMIN,-171,,,E,
ITE00100554,17881229,TMAX,-28,,,E,
ITE00100554,17881229,TMIN,-50,,I,E,
EZE00100082,17881230,TMAX,-120,,,E,
EZE00100082,17881230,TMIN,-175,,,E,
ITE00100554,17881230,TMAX,-65,,I,E,
ITE00100554,17881230,TMIN,-103,,,E,
EZE00100082,17881231,TMAX,-115,,,E,
EZE00100082,17881231,TMIN,-140,,,E,
ITE00100554,17881231,TMAX,-54,,,E,
ITE00100554,17881231,TMIN,-105,,,E,
